hash,height,type,timestamp
0x5ddf404c60e96e9485beafcabb95609fed8e38e941a725cae4dcec8296fb32d7,19981857,write_resource,1667302274342086
0x8048c954221814b04533a9f0a9946c3a8d472ac62df5accb9f47c097e256e8b6,19981857,write_resource,1667302274342086
0x7b1615bf012d3c94223f3f76287ee2f7bdf31d364071128b256aeff0841b626d,19981857,write_resource,1667302274342086
0xc5592e4ab04dc0bc6fc12ba444c7519577f4e3926177b22b34dc250d2bae7612,19981858,write_resource,1667302274342086
0x955b7712d2c84c4758173ea6913ce1f1b863c43c8dcb78ada160b69f933a9ff8,19981858,write_resource,1667302274342086
0xa82c7417b9b23f8cc27606c55a57070273ba364c3a1c3a6475e727e6d743acc2,19981858,write_resource,1667302274342086
0x8d4be3a2a71f3e84699e887da22e9bbf6c6b4a656834b59fa5247f7481e2990b,19981858,write_resource,1667302274342086
0x8655f309d46c5edbdd90d8e9762e144c280aaf4e2fd284cded7e8eac53d8d372,19981858,write_table_item,1667302274342086
0x6e4b28d40f98a106a65163530924c0dcb40c1349d3aa915d108b4d6cfc1ddb19,19981858,write_table_item,1667302274342086
0x7f2413e9b43f3b76f1323ceb0926ea36859625c07ad37c22e87a7137a836c389,19981858,write_table_item,1667302274342086
0xcc196d64fb3ed28a2541afc350c417894797e9125e730463b79bcb72583a9083,19981858,write_table_item,1667302274342086
0x895a617e7b7030adcef3aa3c48208fc86119f90e81fc02cf44b5954dd049b3fb,19981858,write_table_item,1667302274342086
0xc5592e4ab04dc0bc6fc12ba444c7519577f4e3926177b22b34dc250d2bae7612,19981859,write_resource,1667302274342086
0x28996e2c1fb1eb4557e39f81430af6c609919159aa4e40bb1f49b8d2e69f2171,19981859,write_resource,1667302274342086
0x51832bce17470004115745e1b9c0ac7524b23395125e177997ac468c01ee98e7,19981859,write_resource,1667302274342086
0x9cb171773da97f6599c3a9d47c71afb53f02815f1eb040d5e126b3eebb5f744f,19981859,write_table_item,1667302274342086
0x6e4b28d40f98a106a65163530924c0dcb40c1349d3aa915d108b4d6cfc1ddb19,19981859,write_table_item,1667302274342086
0x6a9839c11aad3e15388112eb3cae1b99cfb69a71430cc2d9f1e0d339f77ea430,19981859,write_table_item,1667302274342086
0x9a70cc2d1978265c3b21b2be7969fe696d7883d4177a1277e334c9d7cc0c7bd3,19981859,write_table_item,1667302274342086
0x5ddf404c60e96e9485beafcabb95609fed8e38e941a725cae4dcec8296fb32d7,19981857,write_resource,1667302274342086
0x8048c954221814b04533a9f0a9946c3a8d472ac62df5accb9f47c097e256e8b6,19981857,write_resource,1667302274342086
0x7b1615bf012d3c94223f3f76287ee2f7bdf31d364071128b256aeff0841b626d,19981857,write_resource,1667302274342086
0xc5592e4ab04dc0bc6fc12ba444c7519577f4e3926177b22b34dc250d2bae7612,19981858,write_resource,1667302274342086
0x955b7712d2c84c4758173ea6913ce1f1b863c43c8dcb78ada160b69f933a9ff8,19981858,write_resource,1667302274342086
0xa82c7417b9b23f8cc27606c55a57070273ba364c3a1c3a6475e727e6d743acc2,19981858,write_resource,1667302274342086
0x8d4be3a2a71f3e84699e887da22e9bbf6c6b4a656834b59fa5247f7481e2990b,19981858,write_resource,1667302274342086
0x8655f309d46c5edbdd90d8e9762e144c280aaf4e2fd284cded7e8eac53d8d372,19981858,write_table_item,1667302274342086
0x6e4b28d40f98a106a65163530924c0dcb40c1349d3aa915d108b4d6cfc1ddb19,19981858,write_table_item,1667302274342086
0x7f2413e9b43f3b76f1323ceb0926ea36859625c07ad37c22e87a7137a836c389,19981858,write_table_item,1667302274342086
0xcc196d64fb3ed28a2541afc350c417894797e9125e730463b79bcb72583a9083,19981858,write_table_item,1667302274342086
0x895a617e7b7030adcef3aa3c48208fc86119f90e81fc02cf44b5954dd049b3fb,19981858,write_table_item,1667302274342086
0xc5592e4ab04dc0bc6fc12ba444c7519577f4e3926177b22b34dc250d2bae7612,19981859,write_resource,1667302274342086
0x28996e2c1fb1eb4557e39f81430af6c609919159aa4e40bb1f49b8d2e69f2171,19981859,write_resource,1667302274342086
0x51832bce17470004115745e1b9c0ac7524b23395125e177997ac468c01ee98e7,19981859,write_resource,1667302274342086
0x9cb171773da97f6599c3a9d47c71afb53f02815f1eb040d5e126b3eebb5f744f,19981859,write_table_item,1667302274342086
0x6e4b28d40f98a106a65163530924c0dcb40c1349d3aa915d108b4d6cfc1ddb19,19981859,write_table_item,1667302274342086
0x6a9839c11aad3e15388112eb3cae1b99cfb69a71430cc2d9f1e0d339f77ea430,19981859,write_table_item,1667302274342086
0x9a70cc2d1978265c3b21b2be7969fe696d7883d4177a1277e334c9d7cc0c7bd3,19981859,write_table_item,1667302274342086
0x5ddf404c60e96e9485beafcabb95609fed8e38e941a725cae4dcec8296fb32d7,19981857,write_resource,1667302274342086
0x8048c954221814b04533a9f0a9946c3a8d472ac62df5accb9f47c097e256e8b6,19981857,write_resource,1667302274342086
0x7b1615bf012d3c94223f3f76287ee2f7bdf31d364071128b256aeff0841b626d,19981857,write_resource,1667302274342086
0xc5592e4ab04dc0bc6fc12ba444c7519577f4e3926177b22b34dc250d2bae7612,19981858,write_resource,1667302274342086
0x955b7712d2c84c4758173ea6913ce1f1b863c43c8dcb78ada160b69f933a9ff8,19981858,write_resource,1667302274342086
0xa82c7417b9b23f8cc27606c55a57070273ba364c3a1c3a6475e727e6d743acc2,19981858,write_resource,1667302274342086
0x8d4be3a2a71f3e84699e887da22e9bbf6c6b4a656834b59fa5247f7481e2990b,19981858,write_resource,1667302274342086
0x8655f309d46c5edbdd90d8e9762e144c280aaf4e2fd284cded7e8eac53d8d372,19981858,write_table_item,1667302274342086
0x6e4b28d40f98a106a65163530924c0dcb40c1349d3aa915d108b4d6cfc1ddb19,19981858,write_table_item,1667302274342086
0x7f2413e9b43f3b76f1323ceb0926ea36859625c07ad37c22e87a7137a836c389,19981858,write_table_item,1667302274342086
0xcc196d64fb3ed28a2541afc350c417894797e9125e730463b79bcb72583a9083,19981858,write_table_item,1667302274342086
0x895a617e7b7030adcef3aa3c48208fc86119f90e81fc02cf44b5954dd049b3fb,19981858,write_table_item,1667302274342086
0xc5592e4ab04dc0bc6fc12ba444c7519577f4e3926177b22b34dc250d2bae7612,19981859,write_resource,1667302274342086
0x28996e2c1fb1eb4557e39f81430af6c609919159aa4e40bb1f49b8d2e69f2171,19981859,write_resource,1667302274342086
0x51832bce17470004115745e1b9c0ac7524b23395125e177997ac468c01ee98e7,19981859,write_resource,1667302274342086
0x9cb171773da97f6599c3a9d47c71afb53f02815f1eb040d5e126b3eebb5f744f,19981859,write_table_item,1667302274342086
0x6e4b28d40f98a106a65163530924c0dcb40c1349d3aa915d108b4d6cfc1ddb19,19981859,write_table_item,1667302274342086
0x6a9839c11aad3e15388112eb3cae1b99cfb69a71430cc2d9f1e0d339f77ea430,19981859,write_table_item,1667302274342086
0x9a70cc2d1978265c3b21b2be7969fe696d7883d4177a1277e334c9d7cc0c7bd3,19981859,write_table_item,1667302274342086
0x5ddf404c60e96e9485beafcabb95609fed8e38e941a725cae4dcec8296fb32d7,19981857,write_resource,1667302274342086
0x8048c954221814b04533a9f0a9946c3a8d472ac62df5accb9f47c097e256e8b6,19981857,write_resource,1667302274342086
0x7b1615bf012d3c94223f3f76287ee2f7bdf31d364071128b256aeff0841b626d,19981857,write_resource,1667302274342086
0xc5592e4ab04dc0bc6fc12ba444c7519577f4e3926177b22b34dc250d2bae7612,19981858,write_resource,1667302274342086
0x955b7712d2c84c4758173ea6913ce1f1b863c43c8dcb78ada160b69f933a9ff8,19981858,write_resource,1667302274342086
0xa82c7417b9b23f8cc27606c55a57070273ba364c3a1c3a6475e727e6d743acc2,19981858,write_resource,1667302274342086
0x8d4be3a2a71f3e84699e887da22e9bbf6c6b4a656834b59fa5247f7481e2990b,19981858,write_resource,1667302274342086
0x8655f309d46c5edbdd90d8e9762e144c280aaf4e2fd284cded7e8eac53d8d372,19981858,write_table_item,1667302274342086
0x6e4b28d40f98a106a65163530924c0dcb40c1349d3aa915d108b4d6cfc1ddb19,19981858,write_table_item,1667302274342086
0x7f2413e9b43f3b76f1323ceb0926ea36859625c07ad37c22e87a7137a836c389,19981858,write_table_item,1667302274342086
0xcc196d64fb3ed28a2541afc350c417894797e9125e730463b79bcb72583a9083,19981858,write_table_item,1667302274342086
0x895a617e7b7030adcef3aa3c48208fc86119f90e81fc02cf44b5954dd049b3fb,19981858,write_table_item,1667302274342086
0xc5592e4ab04dc0bc6fc12ba444c7519577f4e3926177b22b34dc250d2bae7612,19981859,write_resource,1667302274342086
0x28996e2c1fb1eb4557e39f81430af6c609919159aa4e40bb1f49b8d2e69f2171,19981859,write_resource,1667302274342086
0x51832bce17470004115745e1b9c0ac7524b23395125e177997ac468c01ee98e7,19981859,write_resource,1667302274342086
0x9cb171773da97f6599c3a9d47c71afb53f02815f1eb040d5e126b3eebb5f744f,19981859,write_table_item,1667302274342086
0x6e4b28d40f98a106a65163530924c0dcb40c1349d3aa915d108b4d6cfc1ddb19,19981859,write_table_item,1667302274342086
0x6a9839c11aad3e15388112eb3cae1b99cfb69a71430cc2d9f1e0d339f77ea430,19981859,write_table_item,1667302274342086
0x9a70cc2d1978265c3b21b2be7969fe696d7883d4177a1277e334c9d7cc0c7bd3,19981859,write_table_item,1667302274342086
0x5ddf404c60e96e9485beafcabb95609fed8e38e941a725cae4dcec8296fb32d7,19981857,write_resource,1667302274342086
0x8048c954221814b04533a9f0a9946c3a8d472ac62df5accb9f47c097e256e8b6,19981857,write_resource,1667302274342086
0x7b1615bf012d3c94223f3f76287ee2f7bdf31d364071128b256aeff0841b626d,19981857,write_resource,1667302274342086
0xc5592e4ab04dc0bc6fc12ba444c7519577f4e3926177b22b34dc250d2bae7612,19981858,write_resource,1667302274342086
0x955b7712d2c84c4758173ea6913ce1f1b863c43c8dcb78ada160b69f933a9ff8,19981858,write_resource,1667302274342086
0xa82c7417b9b23f8cc27606c55a57070273ba364c3a1c3a6475e727e6d743acc2,19981858,write_resource,1667302274342086
0x8d4be3a2a71f3e84699e887da22e9bbf6c6b4a656834b59fa5247f7481e2990b,19981858,write_resource,1667302274342086
0x8655f309d46c5edbdd90d8e9762e144c280aaf4e2fd284cded7e8eac53d8d372,19981858,write_table_item,1667302274342086
0x6e4b28d40f98a106a65163530924c0dcb40c1349d3aa915d108b4d6cfc1ddb19,19981858,write_table_item,1667302274342086
0x7f2413e9b43f3b76f1323ceb0926ea36859625c07ad37c22e87a7137a836c389,19981858,write_table_item,1667302274342086
0xcc196d64fb3ed28a2541afc350c417894797e9125e730463b79bcb72583a9083,19981858,write_table_item,1667302274342086
0x895a617e7b7030adcef3aa3c48208fc86119f90e81fc02cf44b5954dd049b3fb,19981858,write_table_item,1667302274342086
0xc5592e4ab04dc0bc6fc12ba444c7519577f4e3926177b22b34dc250d2bae7612,19981859,write_resource,1667302274342086
0x28996e2c1fb1eb4557e39f81430af6c609919159aa4e40bb1f49b8d2e69f2171,19981859,write_resource,1667302274342086
0x51832bce17470004115745e1b9c0ac7524b23395125e177997ac468c01ee98e7,19981859,write_resource,1667302274342086
0x9cb171773da97f6599c3a9d47c71afb53f02815f1eb040d5e126b3eebb5f744f,19981859,write_table_item,1667302274342086
0x6e4b28d40f98a106a65163530924c0dcb40c1349d3aa915d108b4d6cfc1ddb19,19981859,write_table_item,1667302274342086
0x6a9839c11aad3e15388112eb3cae1b99cfb69a71430cc2d9f1e0d339f77ea430,19981859,write_table_item,1667302274342086
0x9a70cc2d1978265c3b21b2be7969fe696d7883d4177a1277e334c9d7cc0c7bd3,19981859,write_table_item,1667302274342086
0x5ddf404c60e96e9485beafcabb95609fed8e38e941a725cae4dcec8296fb32d7,19981857,write_resource,1667302274342086
0x8048c954221814b04533a9f0a9946c3a8d472ac62df5accb9f47c097e256e8b6,19981857,write_resource,1667302274342086
0x7b1615bf012d3c94223f3f76287ee2f7bdf31d364071128b256aeff0841b626d,19981857,write_resource,1667302274342086
0xc5592e4ab04dc0bc6fc12ba444c7519577f4e3926177b22b34dc250d2bae7612,19981858,write_resource,1667302274342086
0x955b7712d2c84c4758173ea6913ce1f1b863c43c8dcb78ada160b69f933a9ff8,19981858,write_resource,1667302274342086
0xa82c7417b9b23f8cc27606c55a57070273ba364c3a1c3a6475e727e6d743acc2,19981858,write_resource,1667302274342086
0x8d4be3a2a71f3e84699e887da22e9bbf6c6b4a656834b59fa5247f7481e2990b,19981858,write_resource,1667302274342086
0x8655f309d46c5edbdd90d8e9762e144c280aaf4e2fd284cded7e8eac53d8d372,19981858,write_table_item,1667302274342086
0x6e4b28d40f98a106a65163530924c0dcb40c1349d3aa915d108b4d6cfc1ddb19,19981858,write_table_item,1667302274342086
0x7f2413e9b43f3b76f1323ceb0926ea36859625c07ad37c22e87a7137a836c389,19981858,write_table_item,1667302274342086
0xcc196d64fb3ed28a2541afc350c417894797e9125e730463b79bcb72583a9083,19981858,write_table_item,1667302274342086
0x895a617e7b7030adcef3aa3c48208fc86119f90e81fc02cf44b5954dd049b3fb,19981858,write_table_item,1667302274342086
0xc5592e4ab04dc0bc6fc12ba444c7519577f4e3926177b22b34dc250d2bae7612,19981859,write_resource,1667302274342086
0x28996e2c1fb1eb4557e39f81430af6c609919159aa4e40bb1f49b8d2e69f2171,19981859,write_resource,1667302274342086
0x51832bce17470004115745e1b9c0ac7524b23395125e177997ac468c01ee98e7,19981859,write_resource,1667302274342086
0x9cb171773da97f6599c3a9d47c71afb53f02815f1eb040d5e126b3eebb5f744f,19981859,write_table_item,1667302274342086
0x6e4b28d40f98a106a65163530924c0dcb40c1349d3aa915d108b4d6cfc1ddb19,19981859,write_table_item,1667302274342086
0x6a9839c11aad3e15388112eb3cae1b99cfb69a71430cc2d9f1e0d339f77ea430,19981859,write_table_item,1667302274342086
0x9a70cc2d1978265c3b21b2be7969fe696d7883d4177a1277e334c9d7cc0c7bd3,19981859,write_table_item,1667302274342086
0x5ddf404c60e96e9485beafcabb95609fed8e38e941a725cae4dcec8296fb32d7,19981857,write_resource,1667302274342086
0x8048c954221814b04533a9f0a9946c3a8d472ac62df5accb9f47c097e256e8b6,19981857,write_resource,1667302274342086
0x7b1615bf012d3c94223f3f76287ee2f7bdf31d364071128b256aeff0841b626d,19981857,write_resource,1667302274342086
0xc5592e4ab04dc0bc6fc12ba444c7519577f4e3926177b22b34dc250d2bae7612,19981858,write_resource,1667302274342086
0x955b7712d2c84c4758173ea6913ce1f1b863c43c8dcb78ada160b69f933a9ff8,19981858,write_resource,1667302274342086
0xa82c7417b9b23f8cc27606c55a57070273ba364c3a1c3a6475e727e6d743acc2,19981858,write_resource,1667302274342086
0x8d4be3a2a71f3e84699e887da22e9bbf6c6b4a656834b59fa5247f7481e2990b,19981858,write_resource,1667302274342086
0x8655f309d46c5edbdd90d8e9762e144c280aaf4e2fd284cded7e8eac53d8d372,19981858,write_table_item,1667302274342086
0x6e4b28d40f98a106a65163530924c0dcb40c1349d3aa915d108b4d6cfc1ddb19,19981858,write_table_item,1667302274342086
0x7f2413e9b43f3b76f1323ceb0926ea36859625c07ad37c22e87a7137a836c389,19981858,write_table_item,1667302274342086
0xcc196d64fb3ed28a2541afc350c417894797e9125e730463b79bcb72583a9083,19981858,write_table_item,1667302274342086
0x895a617e7b7030adcef3aa3c48208fc86119f90e81fc02cf44b5954dd049b3fb,19981858,write_table_item,1667302274342086
0xc5592e4ab04dc0bc6fc12ba444c7519577f4e3926177b22b34dc250d2bae7612,19981859,write_resource,1667302274342086
0x28996e2c1fb1eb4557e39f81430af6c609919159aa4e40bb1f49b8d2e69f2171,19981859,write_resource,1667302274342086
0x51832bce17470004115745e1b9c0ac7524b23395125e177997ac468c01ee98e7,19981859,write_resource,1667302274342086
0x9cb171773da97f6599c3a9d47c71afb53f02815f1eb040d5e126b3eebb5f744f,19981859,write_table_item,1667302274342086
0x6e4b28d40f98a106a65163530924c0dcb40c1349d3aa915d108b4d6cfc1ddb19,19981859,write_table_item,1667302274342086
0x6a9839c11aad3e15388112eb3cae1b99cfb69a71430cc2d9f1e0d339f77ea430,19981859,write_table_item,1667302274342086
0x9a70cc2d1978265c3b21b2be7969fe696d7883d4177a1277e334c9d7cc0c7bd3,19981859,write_table_item,1667302274342086
0x5ddf404c60e96e9485beafcabb95609fed8e38e941a725cae4dcec8296fb32d7,19981857,write_resource,1667302274342086
0x8048c954221814b04533a9f0a9946c3a8d472ac62df5accb9f47c097e256e8b6,19981857,write_resource,1667302274342086
0x7b1615bf012d3c94223f3f76287ee2f7bdf31d364071128b256aeff0841b626d,19981857,write_resource,1667302274342086
0xc5592e4ab04dc0bc6fc12ba444c7519577f4e3926177b22b34dc250d2bae7612,19981858,write_resource,1667302274342086
0x955b7712d2c84c4758173ea6913ce1f1b863c43c8dcb78ada160b69f933a9ff8,19981858,write_resource,1667302274342086
0xa82c7417b9b23f8cc27606c55a57070273ba364c3a1c3a6475e727e6d743acc2,19981858,write_resource,1667302274342086
0x8d4be3a2a71f3e84699e887da22e9bbf6c6b4a656834b59fa5247f7481e2990b,19981858,write_resource,1667302274342086
0x8655f309d46c5edbdd90d8e9762e144c280aaf4e2fd284cded7e8eac53d8d372,19981858,write_table_item,1667302274342086
0x6e4b28d40f98a106a65163530924c0dcb40c1349d3aa915d108b4d6cfc1ddb19,19981858,write_table_item,1667302274342086
0x7f2413e9b43f3b76f1323ceb0926ea36859625c07ad37c22e87a7137a836c389,19981858,write_table_item,1667302274342086
0xcc196d64fb3ed28a2541afc350c417894797e9125e730463b79bcb72583a9083,19981858,write_table_item,1667302274342086
0x895a617e7b7030adcef3aa3c48208fc86119f90e81fc02cf44b5954dd049b3fb,19981858,write_table_item,1667302274342086
0xc5592e4ab04dc0bc6fc12ba444c7519577f4e3926177b22b34dc250d2bae7612,19981859,write_resource,1667302274342086
0x28996e2c1fb1eb4557e39f81430af6c609919159aa4e40bb1f49b8d2e69f2171,19981859,write_resource,1667302274342086
0x51832bce17470004115745e1b9c0ac7524b23395125e177997ac468c01ee98e7,19981859,write_resource,1667302274342086
0x9cb171773da97f6599c3a9d47c71afb53f02815f1eb040d5e126b3eebb5f744f,19981859,write_table_item,1667302274342086
0x6e4b28d40f98a106a65163530924c0dcb40c1349d3aa915d108b4d6cfc1ddb19,19981859,write_table_item,1667302274342086
0x6a9839c11aad3e15388112eb3cae1b99cfb69a71430cc2d9f1e0d339f77ea430,19981859,write_table_item,1667302274342086
0x9a70cc2d1978265c3b21b2be7969fe696d7883d4177a1277e334c9d7cc0c7bd3,19981859,write_table_item,1667302274342086
0x5ddf404c60e96e9485beafcabb95609fed8e38e941a725cae4dcec8296fb32d7,19981857,write_resource,1667302274342086
0x8048c954221814b04533a9f0a9946c3a8d472ac62df5accb9f47c097e256e8b6,19981857,write_resource,1667302274342086
0x7b1615bf012d3c94223f3f76287ee2f7bdf31d364071128b256aeff0841b626d,19981857,write_resource,1667302274342086
0xc5592e4ab04dc0bc6fc12ba444c7519577f4e3926177b22b34dc250d2bae7612,19981858,write_resource,1667302274342086
0x955b7712d2c84c4758173ea6913ce1f1b863c43c8dcb78ada160b69f933a9ff8,19981858,write_resource,1667302274342086
0xa82c7417b9b23f8cc27606c55a57070273ba364c3a1c3a6475e727e6d743acc2,19981858,write_resource,1667302274342086
0x8d4be3a2a71f3e84699e887da22e9bbf6c6b4a656834b59fa5247f7481e2990b,19981858,write_resource,1667302274342086
0x8655f309d46c5edbdd90d8e9762e144c280aaf4e2fd284cded7e8eac53d8d372,19981858,write_table_item,1667302274342086
0x6e4b28d40f98a106a65163530924c0dcb40c1349d3aa915d108b4d6cfc1ddb19,19981858,write_table_item,1667302274342086
0x7f2413e9b43f3b76f1323ceb0926ea36859625c07ad37c22e87a7137a836c389,19981858,write_table_item,1667302274342086
0xcc196d64fb3ed28a2541afc350c417894797e9125e730463b79bcb72583a9083,19981858,write_table_item,1667302274342086
0x895a617e7b7030adcef3aa3c48208fc86119f90e81fc02cf44b5954dd049b3fb,19981858,write_table_item,1667302274342086
0xc5592e4ab04dc0bc6fc12ba444c7519577f4e3926177b22b34dc250d2bae7612,19981859,write_resource,1667302274342086
0x28996e2c1fb1eb4557e39f81430af6c609919159aa4e40bb1f49b8d2e69f2171,19981859,write_resource,1667302274342086
0x51832bce17470004115745e1b9c0ac7524b23395125e177997ac468c01ee98e7,19981859,write_resource,1667302274342086
0x9cb171773da97f6599c3a9d47c71afb53f02815f1eb040d5e126b3eebb5f744f,19981859,write_table_item,1667302274342086
0x6e4b28d40f98a106a65163530924c0dcb40c1349d3aa915d108b4d6cfc1ddb19,19981859,write_table_item,1667302274342086
0x6a9839c11aad3e15388112eb3cae1b99cfb69a71430cc2d9f1e0d339f77ea430,19981859,write_table_item,1667302274342086
0x9a70cc2d1978265c3b21b2be7969fe696d7883d4177a1277e334c9d7cc0c7bd3,19981859,write_table_item,1667302274342086
0x5ddf404c60e96e9485beafcabb95609fed8e38e941a725cae4dcec8296fb32d7,19981857,write_resource,1667302274342086
0x8048c954221814b04533a9f0a9946c3a8d472ac62df5accb9f47c097e256e8b6,19981857,write_resource,1667302274342086
0x7b1615bf012d3c94223f3f76287ee2f7bdf31d364071128b256aeff0841b626d,19981857,write_resource,1667302274342086
0xc5592e4ab04dc0bc6fc12ba444c7519577f4e3926177b22b34dc250d2bae7612,19981858,write_resource,1667302274342086
0x955b7712d2c84c4758173ea6913ce1f1b863c43c8dcb78ada160b69f933a9ff8,19981858,write_resource,1667302274342086
0xa82c7417b9b23f8cc27606c55a57070273ba364c3a1c3a6475e727e6d743acc2,19981858,write_resource,1667302274342086
0x8d4be3a2a71f3e84699e887da22e9bbf6c6b4a656834b59fa5247f7481e2990b,19981858,write_resource,1667302274342086
0x8655f309d46c5edbdd90d8e9762e144c280aaf4e2fd284cded7e8eac53d8d372,19981858,write_table_item,1667302274342086
0x6e4b28d40f98a106a65163530924c0dcb40c1349d3aa915d108b4d6cfc1ddb19,19981858,write_table_item,1667302274342086
0x7f2413e9b43f3b76f1323ceb0926ea36859625c07ad37c22e87a7137a836c389,19981858,write_table_item,1667302274342086
0xcc196d64fb3ed28a2541afc350c417894797e9125e730463b79bcb72583a9083,19981858,write_table_item,1667302274342086
0x895a617e7b7030adcef3aa3c48208fc86119f90e81fc02cf44b5954dd049b3fb,19981858,write_table_item,1667302274342086
0xc5592e4ab04dc0bc6fc12ba444c7519577f4e3926177b22b34dc250d2bae7612,19981859,write_resource,1667302274342086
0x28996e2c1fb1eb4557e39f81430af6c609919159aa4e40bb1f49b8d2e69f2171,19981859,write_resource,1667302274342086
0x51832bce17470004115745e1b9c0ac7524b23395125e177997ac468c01ee98e7,19981859,write_resource,1667302274342086
0x9cb171773da97f6599c3a9d47c71afb53f02815f1eb040d5e126b3eebb5f744f,19981859,write_table_item,1667302274342086
0x6e4b28d40f98a106a65163530924c0dcb40c1349d3aa915d108b4d6cfc1ddb19,19981859,write_table_item,1667302274342086
0x6a9839c11aad3e15388112eb3cae1b99cfb69a71430cc2d9f1e0d339f77ea430,19981859,write_table_item,1667302274342086
0x9a70cc2d1978265c3b21b2be7969fe696d7883d4177a1277e334c9d7cc0c7bd3,19981859,write_table_item,1667302274342086
0x5ddf404c60e96e9485beafcabb95609fed8e38e941a725cae4dcec8296fb32d7,19981857,write_resource,1667302274342086
0x8048c954221814b04533a9f0a9946c3a8d472ac62df5accb9f47c097e256e8b6,19981857,write_resource,1667302274342086
0x7b1615bf012d3c94223f3f76287ee2f7bdf31d364071128b256aeff0841b626d,19981857,write_resource,1667302274342086
0xc5592e4ab04dc0bc6fc12ba444c7519577f4e3926177b22b34dc250d2bae7612,19981858,write_resource,1667302274342086
0x955b7712d2c84c4758173ea6913ce1f1b863c43c8dcb78ada160b69f933a9ff8,19981858,write_resource,1667302274342086
0xa82c7417b9b23f8cc27606c55a57070273ba364c3a1c3a6475e727e6d743acc2,19981858,write_resource,1667302274342086
0x8d4be3a2a71f3e84699e887da22e9bbf6c6b4a656834b59fa5247f7481e2990b,19981858,write_resource,1667302274342086
0x8655f309d46c5edbdd90d8e9762e144c280aaf4e2fd284cded7e8eac53d8d372,19981858,write_table_item,1667302274342086
0x6e4b28d40f98a106a65163530924c0dcb40c1349d3aa915d108b4d6cfc1ddb19,19981858,write_table_item,1667302274342086
0x7f2413e9b43f3b76f1323ceb0926ea36859625c07ad37c22e87a7137a836c389,19981858,write_table_item,1667302274342086
0xcc196d64fb3ed28a2541afc350c417894797e9125e730463b79bcb72583a9083,19981858,write_table_item,1667302274342086
0x895a617e7b7030adcef3aa3c48208fc86119f90e81fc02cf44b5954dd049b3fb,19981858,write_table_item,1667302274342086
0xc5592e4ab04dc0bc6fc12ba444c7519577f4e3926177b22b34dc250d2bae7612,19981859,write_resource,1667302274342086
0x28996e2c1fb1eb4557e39f81430af6c609919159aa4e40bb1f49b8d2e69f2171,19981859,write_resource,1667302274342086
0x51832bce17470004115745e1b9c0ac7524b23395125e177997ac468c01ee98e7,19981859,write_resource,1667302274342086
0x9cb171773da97f6599c3a9d47c71afb53f02815f1eb040d5e126b3eebb5f744f,19981859,write_table_item,1667302274342086
0x6e4b28d40f98a106a65163530924c0dcb40c1349d3aa915d108b4d6cfc1ddb19,19981859,write_table_item,1667302274342086
0x6a9839c11aad3e15388112eb3cae1b99cfb69a71430cc2d9f1e0d339f77ea430,19981859,write_table_item,1667302274342086
0x9a70cc2d1978265c3b21b2be7969fe696d7883d4177a1277e334c9d7cc0c7bd3,19981859,write_table_item,1667302274342086
